,classify,title,time,url
0,美股,梅姨团队酝酿11月提前大选 英国回应：无稽之谈！,09-23 16:36,http://finance.sina.com.cn/stock/usstock/c/2018-09-23/doc-ifxeuwwr7463840.shtml
1,国内财经,"工博会:除了能包住火的纸 新材料展有哪些""明星""材…",09-23 16:33,http://finance.sina.com.cn/roll/2018-09-23/doc-ifxeuwwr7463327.shtml
2,国内财经,赴香港高铁首发 深港两地居民热捧,09-23 16:32,http://finance.sina.com.cn/china/gncj/2018-09-23/doc-ihkmwytn7054724.shtml
3,国内财经,合伙人“凉了”！找上市公司大把要钱 真的不好使了,09-23 16:01,http://finance.sina.com.cn/china/gncj/2018-09-23/doc-ihkmwytn7000225.shtml
4,国内财经,女乘客遭顺风车司机侮辱 对方放话:把你衣服都扒光,09-23 15:59,http://finance.sina.com.cn/roll/2018-09-23/doc-ihkmwytn6995026.shtml
5,国内财经,新iPhone拆解结果：采用英特尔和东芝部件,09-23 15:57,http://finance.sina.com.cn/china/gncj/2018-09-23/doc-ifxeuwwr7452866.shtml
6,国内财经,上海开启第二阶段自动驾驶开放路测道路,09-23 15:57,http://finance.sina.com.cn/china/gncj/2018-09-23/doc-ifxeuwwr7452862.shtml
7,国内财经,特写：19分钟的跨越 内地首班赴港高铁直击记,09-23 15:54,http://finance.sina.com.cn/roll/2018-09-23/doc-ihkmwytn6986770.shtml
8,国内财经,河北土豆丰收 美菜网将采购1000万斤助农户打开销路,09-23 15:53,http://finance.sina.com.cn/china/gncj/2018-09-23/doc-ifxeuwwr7451775.shtml
9,美股,Uber Eats送餐员伦敦拦路罢工， 抗议“赚钱太少…,09-23 15:38,http://finance.sina.com.cn/stock/usstock/c/2018-09-23/doc-ihkmwytn6958553.shtml
10,国内财经,第20届工博会今日闭幕 专业观众创历史新高,09-23 15:35,http://finance.sina.com.cn/china/gncj/2018-09-23/doc-ifxeuwwr7447122.shtml
11,国内财经,国产5G手机芯片厂商加快推进步伐,09-23 15:32,http://finance.sina.com.cn/roll/2018-09-23/doc-ifxeuwwr7446266.shtml
12,国内财经,湖北公开曝光25家违法违规房企和中介,09-23 15:29,http://finance.sina.com.cn/roll/2018-09-23/doc-ihkmwytn6943690.shtml
13,国内财经,西安地铁问题电缆落马官员获刑五年 曾索要金条,09-23 15:21,http://finance.sina.com.cn/china/gncj/2018-09-23/doc-ifxeuwwr7443274.shtml
14,国内财经,三星折叠屏幕手机更多曝光 没使用大猩猩玻璃,09-23 15:18,http://finance.sina.com.cn/china/gncj/2018-09-23/doc-ihkmwytn6924418.shtml
15,美股,特里莎·梅的核心圈子开始为提前大选制定计划,09-23 15:14,http://finance.sina.com.cn/stock/usstock/c/2018-09-23/doc-ifxeuwwr7441247.shtml
16,国内财经,江西：推广智能快件箱被纳入便民服务、民生工程,09-23 15:10,http://finance.sina.com.cn/roll/2018-09-23/doc-ifxeuwwr7440022.shtml
17,国内财经,财税服务业态新特征：航天信息推出税务“云”服务,09-23 15:10,http://finance.sina.com.cn/roll/2018-09-23/doc-ihkmwytn6911224.shtml
18,国内财经,赴港上市浪潮再起 港交所成最大受益者半年净利新高,09-23 15:10,http://finance.sina.com.cn/china/gncj/2018-09-23/doc-ihkmwytn6910940.shtml
19,国内财经,腾讯游戏告急 影业能否续上互娱之命？,09-23 15:07,http://finance.sina.com.cn/china/gncj/2018-09-23/doc-ihkmwytn6907122.shtml
20,美股,追赶亚马逊，沃尔玛全球“买买买”是出路？,09-23 14:55,http://finance.sina.com.cn/stock/usstock/c/2018-09-23/doc-ifxeuwwr7436027.shtml
21,美股,谷歌曾试图人为操控搜索结果 内部邮件遭到泄露,09-23 14:27,http://finance.sina.com.cn/stock/usstock/c/2018-09-23/doc-ihkmwytn6837578.shtml
22,国内财经,IPO造假退市的欣泰电气起诉证监会 败诉！,09-23 14:09,http://finance.sina.com.cn/china/gncj/2018-09-23/doc-ifxeuwwr7423296.shtml
23,国内财经,赴港上市浪潮再起 下周迎海底捞、华兴资本,09-23 14:08,http://finance.sina.com.cn/china/gncj/2018-09-23/doc-ifxeuwwr7423199.shtml
24,国内财经,四大寿险前8月成绩单出炉！总保费近万亿,09-23 14:08,http://finance.sina.com.cn/china/gncj/2018-09-23/doc-ihkmwytn6801969.shtml
25,美股,史诗级竞购大战终章:康卡斯特用孙子兵法击败迪士尼,09-23 13:57,http://finance.sina.com.cn/stock/usstock/c/2018-09-23/doc-ihkmwytn6782064.shtml
26,美股,一片狼藉！飓风给美国带来的经济损失或达500亿美元,09-23 13:34,http://finance.sina.com.cn/stock/usstock/c/2018-09-23/doc-ifxeuwwr7414641.shtml
27,美股,阿根廷接近与IMF达成协议：限制印钞 援助额提升40%,09-23 13:33,http://finance.sina.com.cn/stock/usstock/c/2018-09-23/doc-ifxeuwwr7414337.shtml
28,美股,丰田不久将支持谷歌Android Auto车载信息娱乐…,09-23 12:57,http://finance.sina.com.cn/stock/usstock/c/2018-09-23/doc-ifxeuwwr7405447.shtml
29,美股,最大银行涉嫌帮俄罪犯洗钱 丹麦或丢掉最高信用评级,09-23 12:42,http://finance.sina.com.cn/stock/usstock/c/2018-09-23/doc-ihkmwytn6663368.shtml
30,美股,特朗普政府移民新规：自给自足 不依赖公共福利,09-23 12:22,http://finance.sina.com.cn/stock/usstock/c/2018-09-23/doc-ihkmwytn6632965.shtml
31,美股,苹果在其最新iOS操作系统中秘密添加了监视跟踪功能,09-23 11:57,http://finance.sina.com.cn/stock/usstock/c/2018-09-23/doc-ihkmwytn6589863.shtml
32,美股,大批新iPhone激活遇故障 苹果运营商互相甩锅,09-23 11:16,http://finance.sina.com.cn/stock/usstock/c/2018-09-23/doc-ihkmwytn6513546.shtml
33,美股,英国退欧再起波澜 媒体称梅姨团队酝酿11月提前大选,09-23 10:27,http://finance.sina.com.cn/stock/usstock/c/2018-09-23/doc-ihkmwytn6421018.shtml
34,美股,他被电视台开除 因曝出总统和特朗普的这张卑微合影,09-23 10:07,http://finance.sina.com.cn/stock/usstock/c/2018-09-23/doc-ifxeuwwr7355495.shtml
35,美股,Facebook上线陌生人约会功能 有什么特别的？,09-23 10:04,http://finance.sina.com.cn/stock/usstock/c/2018-09-23/doc-ifxeuwwr7354819.shtml
36,美股,康卡斯特报价390亿美元竞购天空电视 领先福克斯,09-23 10:01,http://finance.sina.com.cn/stock/usstock/c/2018-09-23/doc-ihkmwytn6373032.shtml
37,美股,奥斯卡导演：为什么国际社会对中国有那么多误解？,09-23 10:00,http://finance.sina.com.cn/stock/usstock/c/2018-09-23/doc-ifxeuwwr7353298.shtml
38,美股,美国楼市也不行了？八年来从未有这么多卖家降价售房,09-23 09:58,http://finance.sina.com.cn/stock/usstock/c/2018-09-23/doc-ifxeuwwr7353040.shtml
39,国内财经,四川改革环境损害赔偿制度 环评机构弄虚作假需担责,09-23 09:56,http://finance.sina.com.cn/china/gncj/2018-09-23/doc-ifxeuwwr7352581.shtml
40,美股,萨达姆因何被处决忘了？伊朗领导人点名特朗普,09-23 09:27,http://finance.sina.com.cn/stock/usstock/c/2018-09-23/doc-ifxeuwwr7344277.shtml
41,美股,彭博社：白宫拟“彻底调查”谷歌、FB等科技公司,09-23 08:37,http://finance.sina.com.cn/stock/usstock/c/2018-09-23/doc-ihkmwytn6240929.shtml
42,美股,人民日报：美国贸易政策给世界经济增添下行风险,09-23 08:03,http://finance.sina.com.cn/stock/usstock/c/2018-09-23/doc-ihkmwytn6198585.shtml
43,美股,“脱欧”方案惹祸　英国更多大臣或将辞职,09-23 07:26,http://finance.sina.com.cn/stock/usstock/c/2018-09-23/doc-ifxeuwwr7318677.shtml
44,美股,原油周评：不惧特朗普搅局 三利好助美油攻克70关口,09-23 06:15,http://finance.sina.com.cn/stock/usstock/c/2018-09-23/doc-ifxeuwwr7311238.shtml
45,国内财经,社保税征下 中国企业权威应对指南,09-23 05:09,http://finance.sina.com.cn/roll/2018-09-23/doc-ifxeuwwr7305585.shtml
46,国内财经,"车市踏入""黑铁时代""?业内:""负增长效应""最长…",09-23 05:07,http://finance.sina.com.cn/roll/2018-09-23/doc-ihkmwytn6082680.shtml
47,美股,美媒：特斯拉又有副总裁辞职 高管离职潮愈演愈烈,09-23 05:06,http://finance.sina.com.cn/stock/usstock/c/2018-09-23/doc-ihkmwytn6082426.shtml
48,国内财经,如何规制商标恶意注册行为？业内：抓住修法良好契机,09-23 05:06,http://finance.sina.com.cn/chanjing/cyxw/2018-09-23/doc-ihkmwytn6082391.shtml
49,国内财经,区域银行业不良率透视：多地回升 农商行“拖后腿”,09-23 05:05,http://finance.sina.com.cn/roll/2018-09-23/doc-ifxeuwwr7305276.shtml
50,国内财经,强制存限制用别让公积金鸡肋化,09-23 05:04,http://finance.sina.com.cn/roll/2018-09-23/doc-ihkmwytn6081843.shtml
51,美股,中欧过境运输在俄增长迅速 对华出口货运也在兴起,09-23 05:04,http://finance.sina.com.cn/stock/usstock/c/2018-09-23/doc-ihkmwytn6081797.shtml
52,国内财经,李开复：中国可向新兴经济体提供人工智能帮助,09-23 04:59,http://finance.sina.com.cn/chanjing/cyxw/2018-09-23/doc-ihkmwytn6079632.shtml
53,美股,阿曼油长：特朗普的推文对油价的影响比欧佩克更大,09-23 04:32,http://finance.sina.com.cn/stock/usstock/c/2018-09-23/doc-ifxeuwwr7303076.shtml
54,国内财经,人民日报：中国开放的大门只会越开越大,09-23 03:26,http://finance.sina.com.cn/china/gncj/2018-09-23/doc-ihkmwytn6041521.shtml
55,美股,据悉白宫起草文件要求彻查社交巨头是否违反垄断法,09-23 03:21,http://finance.sina.com.cn/stock/usstock/c/2018-09-23/doc-ihkmwytn6039762.shtml
56,美股,康卡斯特以388亿美元击败福克斯收购天空广播公司,09-23 02:27,http://finance.sina.com.cn/stock/usstock/c/2018-09-23/doc-ihkmwytn6013133.shtml
57,美股,跌太久终于累了！ 专家称黄金即将迎来逆转,09-23 01:26,http://finance.sina.com.cn/stock/usstock/c/2018-09-23/doc-ihkmwytn5980569.shtml
58,国内财经,多地传出楼市降价消息，这次是真跌还是假摔？,09-23 00:22,http://finance.sina.com.cn/china/gncj/2018-09-23/doc-ihkmwytn5934681.shtml
59,美股,达利欧新作详解债务危机：下一场衰退近了？,09-23 00:14,http://finance.sina.com.cn/stock/usstock/c/2018-09-23/doc-ihkmwytn5928434.shtml
60,美股,FB要做的约会价值40亿美元 但赚钱其实并非第一要务,09-23 00:09,http://finance.sina.com.cn/stock/usstock/c/2018-09-23/doc-ifxeuwwr7279138.shtml
61,美股,谷歌为何能让员工周末自发加班？,09-23 00:04,http://finance.sina.com.cn/stock/usstock/c/2018-09-23/doc-ihkmwytn5918351.shtml
62,美股,摩根士丹利报告称：日本可能处于繁荣时期开端,09-22 23:06,http://finance.sina.com.cn/stock/usstock/c/2018-09-22/doc-ifxeuwwr7269178.shtml
63,美股,外媒:OECD下调全球经济增长预期 美国使世界经济瘫痪,09-22 23:04,http://finance.sina.com.cn/stock/usstock/c/2018-09-22/doc-ifxeuwwr7268759.shtml
64,国内财经,在自己祖先的土地上流浪,09-22 22:54,http://finance.sina.com.cn/china/gncj/2018-09-22/doc-ihkmwytn5855628.shtml
65,国内财经,田朴珺：不只是“王的女人”,09-22 22:21,http://finance.sina.com.cn/china/gncj/2018-09-22/doc-ihkmwytn5823762.shtml
66,美股,直面敏感问题 周小川解疑释惑权威辨析贸易争端,09-22 22:12,http://finance.sina.com.cn/stock/usstock/c/2018-09-22/doc-ifxeuwwr7259153.shtml
67,美股,美国对中国加税伤害谁？他们说：只希望能活下去,09-22 22:12,http://finance.sina.com.cn/stock/usstock/c/2018-09-22/doc-ihkmwytn5813654.shtml
68,美股,趣头条上市一周市值蒸发130亿 黄峥身价超雷军丁磊,09-22 22:06,http://finance.sina.com.cn/stock/usstock/c/2018-09-22/doc-ifxeuwwr7257718.shtml
69,国内财经,深圳成为直辖市？ 哪些城市会有瑜亮情结？,09-22 21:49,http://finance.sina.com.cn/china/gncj/2018-09-22/doc-ihkmwytn5786393.shtml
70,美股,大马前总理年薪60万 妻子却有全球最多爱马仕(图),09-22 21:36,http://finance.sina.com.cn/stock/usstock/c/2018-09-22/doc-ihkmwytn5772155.shtml
71,国内财经,到底哪些城市对房价的控制强？,09-22 21:31,http://finance.sina.com.cn/roll/2018-09-22/doc-ifxeuwwr7250921.shtml
72,美股,长生不老并非白日梦 这样的黑科技你愿尝试吗？,09-22 20:39,http://finance.sina.com.cn/stock/usstock/c/2018-09-22/doc-ihkmwytn5701839.shtml
73,美股,一起银行洗钱案的巨大代价：丹麦或就此丢掉AAA评级,09-22 20:15,http://finance.sina.com.cn/stock/usstock/c/2018-09-22/doc-ihkmwytn5673440.shtml
74,美股,25年市场老兵：未来两年内，这些事件将震动市场,09-22 19:56,http://finance.sina.com.cn/stock/usstock/c/2018-09-22/doc-ihkmwytn5648242.shtml
75,国内财经,雄安新区领导小组：深化细化雄安新区各类专项规划,09-22 19:18,http://finance.sina.com.cn/china/gncj/2018-09-22/doc-ifxeuwwr7221991.shtml
76,美股,贝佐斯没有闹钟,09-22 19:06,http://finance.sina.com.cn/stock/usstock/c/2018-09-22/doc-ihkhfqnt7239283.shtml
77,美股,“广告之王”谷歌岌岌可危？,09-22 18:50,http://finance.sina.com.cn/stock/usstock/c/2018-09-22/doc-ihkhfqnt7216930.shtml
78,国内财经,习近平向全国亿万农民祝贺中国农民丰收节,09-22 18:36,http://finance.sina.com.cn/china/gncj/2018-09-22/doc-ihkhfqnt7199358.shtml
79,美股,硅谷不再：创业者和投资人都在离开,09-22 17:56,http://finance.sina.com.cn/stock/usstock/c/2018-09-22/doc-ihkhfqnt7138309.shtml
